{"stats":{"minecraft:used":{"minecraft:wheat_seeds":3,"luminousworld:groundpebbles_1":2,"minecraft:item_frame":3,"minecraft:dirt":1,"minecraft:beef":1,"minecraft:wheat":3,"tombstone:gift":2,"minecraft:potato":2},"minecraft:dropped":{"minecraft:wheat_seeds":6,"minecraft:brown_wool":1,"minecraft:wheat":4,"minecraft:emerald":1},"minecraft:mined":{"minecraft:large_fern":1,"luminousworld:groundpebbles_1":1,"quark:tiny_potato":1,"minecraft:grass_block":1,"luminousworld:groundpebbles_2":1},"minecraft:killed":{"earthmobsmod:wooly_cow":1},"minecraft:custom":{"minecraft:time_since_rest":1,"minecraft:sprint_one_cm":79125,"minecraft:damage_taken":883,"minecraft:walk_one_cm":76157,"minecraft:mob_kills":1,"minecraft:drop":6,"minecraft:damage_dealt":228,"minecraft:swim_one_cm":817,"minecraft:fly_one_cm":208127,"minecraft:open_barrel":3,"minecraft:open_chest":6,"minecraft:crouch_one_cm":959,"minecraft:play_time":20797,"minecraft:deaths":3,"minecraft:sneak_time":277,"minecraft:walk_under_water_one_cm":983,"minecraft:jump":769,"minecraft:leave_game":1,"minecraft:time_since_death":571,"minecraft:walk_on_water_one_cm":1802,"minecraft:total_world_time":20797,"minecraft:fall_one_cm":20866},"minecraft:picked_up":{"luminousworld:groundpebbles_1":2,"minecraft:wheat":7,"iceandfire:dragonbone":14,"minecraft:brown_wool":1,"minecraft:potato":1,"quark:tiny_potato":1,"minecraft:dirt":1,"iceandfire:dragon_skull_ice":2,"minecraft:item_frame":3,"minecraft:cooked_mutton":1,"minecraft:wheat_seeds":9,"minecraft:beef":1},"minecraft:killed_by":{"enemyexpansion:direwolf":1,"undead_revamp2:the_moonflower":1}},"DataVersion":3465}