{"stats":{"minecraft:used":{"quark:tiny_potato":2},"minecraft:dropped":{"iceandfire:dragon_skull_ice":1,"iceandfire:dragonbone":9},"minecraft:custom":{"minecraft:jump":130,"minecraft:open_chest":3,"minecraft:time_since_rest":19808,"minecraft:walk_on_water_one_cm":740,"minecraft:damage_dealt":233,"minecraft:crouch_one_cm":1690,"minecraft:sprint_one_cm":26074,"minecraft:play_time":19808,"minecraft:damage_taken":30,"minecraft:time_since_death":19808,"minecraft:walk_one_cm":22162,"minecraft:sneak_time":868,"minecraft:total_world_time":19808,"minecraft:drop":2,"minecraft:fly_one_cm":315199,"minecraft:leave_game":1},"minecraft:picked_up":{"iceandfire:dragon_skull_ice":1,"iceandfire:dragonbone":9,"born_in_chaos_v1:black_argillite_button":1,"minecraft:emerald":1}},"DataVersion":3465}