{"stats":{"minecraft:custom":{"minecraft:time_since_rest":28445,"minecraft:open_chest":2,"minecraft:crouch_one_cm":324,"minecraft:play_time":28445,"minecraft:sprint_one_cm":8458,"minecraft:walk_one_cm":10096,"minecraft:sneak_time":407,"minecraft:trigger_trapped_chest":1,"minecraft:mob_kills":1,"minecraft:jump":51,"minecraft:damage_dealt":15,"minecraft:leave_game":1,"minecraft:time_since_death":28445,"minecraft:total_world_time":28445,"minecraft:climb_one_cm":188,"minecraft:fly_one_cm":132216},"minecraft:picked_up":{"luminousworld:blueberry":3,"ad_astra:desh_sliding_door":1},"minecraft:killed":{"luminousworld:firefly":1},"minecraft:used":{"minecraft:torch":1,"minecraft:dirt":1,"minecraft:lantern":1,"naturalist:teddy_bear":1,"ad_astra:desh_sliding_door":1,"luminousworld:groundpebbles_1":2}},"DataVersion":3465}